Time;CO2 ();P_1 ();P_2 ();Temp;Tem;arret ();cause_arret ();consigne_CO2 ();debit ();envoie_mail ();etape ();oxygene ();ph_carte ()
2023-05-16 09:41:13;1137;318;-25;189;181;0;2;1100;1720;0;110;129;478
2023-05-16 09:41:43;1252;442;-215;189;181;0;2;1100;4200;0;110;132;478
2023-05-16 09:42:13;1141;452;-231;189;181;0;2;1100;4182;0;110;131;478
2023-05-16 09:42:43;1125;455;-230;189;181;0;2;1100;4193;0;110;129;478
2023-05-16 09:43:13;1128;482;-230;189;181;0;2;1100;4439;0;110;125;478
2023-05-16 09:43:43;1128;459;-234;189;182;0;2;1100;4186;0;110;119;478
2023-05-16 09:44:13;1125;460;-232;189;181;0;2;1100;4162;0;110;116;478
2023-05-16 09:44:43;1125;457;-232;189;182;0;2;1100;4202;0;110;113;478
2023-05-16 09:45:13;1124;450;-234;190;181;0;2;1100;4195;0;110;112;478
2023-05-16 09:45:43;1125;459;-232;189;181;0;2;1100;3956;0;110;109;478
2023-05-16 09:46:13;1124;454;-234;189;181;0;2;1100;4193;0;110;108;478
2023-05-16 09:46:43;1122;450;-236;189;181;0;2;1100;4186;0;110;108;478
2023-05-16 09:47:13;1120;286;-213;190;181;0;2;1100;182;0;110;108;478
2023-05-16 09:47:43;1119;115;-24;189;181;0;2;1100;0;0;110;107;478
2023-05-16 09:48:13;1350;452;-220;190;181;0;2;1100;4200;0;110;110;478
2023-05-16 09:48:44;1128;289;-251;189;182;0;2;1100;2487;0;110;117;478
2023-05-16 09:49:14;1097;207;-265;190;182;0;2;1100;1632;0;110;119;478
2023-05-16 09:49:44;1086;146;-30;190;181;0;2;1100;0;0;110;120;478
2023-05-16 09:50:14;1084;322;-102;189;182;0;2;1100;2925;0;110;119;478
2023-05-16 09:50:44;1203;247;-241;190;182;0;2;1100;2072;0;110;146;478
2023-05-16 09:51:14;1102;426;-253;190;181;0;2;1100;3852;0;110;151;478
2023-05-16 09:51:44;1091;156;-68;190;182;0;2;1100;0;0;110;142;478
2023-05-16 09:52:14;1090;130;-25;190;182;0;2;1100;0;0;110;135;478
2023-05-16 09:52:44;1090;85;-27;190;182;0;2;1100;0;0;110;131;478
2023-05-16 09:53:14;1090;87;-27;190;182;0;2;1100;0;0;110;131;478
2023-05-16 09:53:44;1089;87;-27;190;181;0;2;1100;0;0;110;131;478
2023-05-16 09:54:14;1090;90;-26;190;181;0;2;1100;0;0;110;130;478
2023-05-16 09:54:44;1089;89;-27;190;181;0;2;1100;0;0;110;131;478
2023-05-16 09:55:14;1089;90;-26;190;182;0;2;1100;0;0;110;130;478
2023-05-16 09:55:44;1090;92;-26;190;181;0;2;1100;0;0;110;129;478
2023-05-16 09:56:14;1088;92;-25;190;182;0;2;1100;0;0;110;130;478
2023-05-16 09:56:44;1088;94;-26;190;182;0;2;1100;0;0;110;129;478
2023-05-16 09:57:14;1089;94;-26;191;181;0;2;1100;0;0;110;129;478
2023-05-16 09:57:44;1088;94;-25;190;181;0;2;1100;0;0;110;129;478
2023-05-16 09:58:14;1087;95;-25;191;182;0;2;1100;0;0;110;129;478
2023-05-16 09:58:44;1088;96;-25;190;182;0;2;1100;0;0;110;129;479
2023-05-16 09:59:14;1088;94;-24;191;182;0;2;1100;0;0;110;129;478
2023-05-16 09:59:44;1087;96;-22;191;182;0;2;1100;0;0;110;129;478
2023-05-16 10:00:14;1087;96;-22;190;182;0;2;1100;0;0;110;129;478
2023-05-16 10:00:44;1087;97;-22;190;182;0;2;1100;0;0;110;129;478
2023-05-16 10:01:14;1087;96;-21;190;182;0;2;1100;0;0;110;129;478
2023-05-16 10:01:44;1087;97;-22;190;182;0;2;1100;0;0;110;129;478
2023-05-16 10:02:14;1087;97;-24;191;182;0;2;1100;0;0;110;128;478
2023-05-16 10:02:44;1087;98;-24;191;182;0;2;1100;0;0;110;129;478
2023-05-16 10:03:14;1087;98;-24;190;183;0;2;1100;0;0;110;129;478
2023-05-16 10:03:44;1086;100;-22;191;182;0;2;1100;0;0;110;129;478
2023-05-16 10:04:14;1087;100;-22;192;182;0;2;1100;0;0;110;129;479
2023-05-16 10:04:44;1086;100;-22;191;183;0;2;1100;0;0;110;129;478
2023-05-16 10:05:15;1087;100;-22;191;183;0;2;1100;0;0;110;129;478
2023-05-16 10:05:45;1087;100;-21;191;183;0;2;1100;0;0;110;129;479
2023-05-16 10:06:15;1086;98;-22;191;183;0;2;1100;0;0;110;129;478
2023-05-16 10:06:45;1085;98;-21;192;183;0;2;1100;0;0;110;129;478
2023-05-16 10:07:15;1087;100;-20;191;182;0;2;1100;0;0;110;130;478
2023-05-16 10:07:45;1085;100;-20;191;183;0;2;1100;0;0;110;130;478
2023-05-16 10:08:15;1085;100;-20;191;183;0;2;1100;0;0;110;129;478
2023-05-16 10:08:46;1085;102;-22;191;183;0;2;1100;0;0;110;129;479
2023-05-16 10:09:16;1086;100;-20;191;183;0;2;1100;0;0;110;128;479
2023-05-16 10:09:46;1085;100;-21;191;183;0;2;1100;0;0;110;129;479
2023-05-16 10:10:16;1086;100;-20;192;183;0;2;1100;0;0;110;129;478
2023-05-16 10:10:46;1085;101;-21;191;183;0;2;1100;0;0;110;129;478
2023-05-16 10:11:16;1086;100;-20;192;183;0;2;1100;0;0;110;130;478
2023-05-16 10:11:46;1085;101;-20;191;183;0;2;1100;0;0;110;130;478
2023-05-16 10:12:16;1085;102;-20;192;183;0;2;1100;0;0;110;130;479
2023-05-16 10:12:46;1085;101;-20;192;183;0;2;1100;0;0;110;130;478
2023-05-16 10:13:16;1085;100;-20;191;183;0;2;1100;0;0;110;130;479
2023-05-16 10:13:46;1085;101;-20;191;183;0;2;1100;0;0;110;131;479
2023-05-16 10:14:16;1084;102;-21;191;184;0;2;1100;0;0;110;130;479
2023-05-16 10:14:46;1084;101;-19;191;184;0;2;1100;0;0;110;131;478
2023-05-16 10:15:16;1086;102;-21;191;184;0;2;1100;0;0;110;130;478
2023-05-16 10:15:46;1085;102;-19;191;184;0;2;1100;0;0;110;132;478
2023-05-16 10:16:16;1085;102;-20;191;184;0;2;1100;0;0;110;130;478
2023-05-16 10:16:46;1084;102;-20;191;184;0;2;1100;0;0;110;129;478
2023-05-16 10:17:16;1084;102;-20;191;184;0;2;1100;0;0;110;129;478
2023-05-16 10:17:46;1084;103;-20;191;184;0;2;1100;0;0;110;130;478
2023-05-16 10:18:16;1083;103;-19;192;184;0;2;1100;0;0;110;131;478
2023-05-16 10:18:46;1084;102;-19;192;184;0;2;1100;0;0;110;131;479
2023-05-16 10:19:16;1084;102;-20;191;184;0;2;1100;0;0;110;131;479
2023-05-16 10:19:46;1084;102;-19;192;184;0;2;1100;0;0;110;131;479
2023-05-16 10:20:16;1082;103;-20;192;184;0;2;1100;0;0;110;130;478
2023-05-16 10:20:46;1083;102;-20;192;184;0;2;1100;0;0;110;128;478
2023-05-16 10:21:16;1083;102;-20;192;184;0;2;1100;0;0;110;128;479
2023-05-16 10:21:46;1082;102;-20;192;184;0;2;1100;0;0;110;130;478
2023-05-16 10:22:17;1083;103;-18;192;185;0;2;1100;0;0;110;129;478
2023-05-16 10:22:47;1083;103;-18;192;185;0;2;1100;0;0;110;130;478
2023-05-16 10:23:17;1083;103;-20;192;185;0;2;1100;0;0;110;130;478
2023-05-16 10:23:47;1083;105;-20;192;184;0;2;1100;0;0;110;130;478
2023-05-16 10:24:17;1082;103;-20;192;185;0;2;1100;0;0;110;130;478
2023-05-16 10:24:47;1082;103;-20;192;185;0;2;1100;0;0;110;130;478
2023-05-16 10:25:17;1083;103;-19;192;185;0;2;1100;0;0;110;130;478
2023-05-16 10:25:47;1083;102;-20;192;185;0;2;1100;0;0;110;131;478
2023-05-16 10:26:17;1082;103;-19;192;185;0;2;1100;0;0;110;130;479
2023-05-16 10:26:47;1082;102;-20;192;185;0;2;1100;0;0;110;129;478
2023-05-16 10:27:17;1081;105;-19;192;185;0;2;1100;0;0;110;130;478
2023-05-16 10:27:47;1082;103;-20;192;185;0;2;1100;0;0;110;130;478
2023-05-16 10:28:17;1083;85;-18;192;185;0;2;1100;0;0;110;130;478
2023-05-16 10:28:47;1082;85;-19;192;185;0;2;1100;0;0;110;130;478
2023-05-16 10:29:17;1082;85;-19;193;186;0;2;1100;0;0;110;130;478
2023-05-16 10:29:47;1081;85;-18;192;186;0;2;1100;0;0;110;130;478
2023-05-16 10:30:17;1081;85;-18;192;186;0;2;1100;0;0;110;130;478
2023-05-16 10:30:47;1080;87;-18;192;186;0;2;1100;0;0;110;131;478
2023-05-16 10:31:17;1081;86;-19;193;186;0;2;1100;0;0;110;131;478
2023-05-16 10:31:47;1080;86;-18;193;186;0;2;1100;0;0;110;131;478
2023-05-16 10:32:17;1080;26;-19;193;186;0;2;1100;0;0;110;131;478
2023-05-16 10:32:47;1081;129;-19;192;185;0;2;1100;0;0;110;131;478
2023-05-16 10:33:17;1080;465;-96;192;183;0;2;1100;4140;0;110;180;478
2023-05-16 10:33:47;1235;262;-51;192;186;0;2;1100;0;0;110;425;478
2023-05-16 10:34:17;1219;283;-27;193;186;0;2;1100;0;0;110;427;478
2023-05-16 10:34:47;1217;131;-25;193;186;0;2;1100;0;0;110;427;478
2023-05-16 10:35:17;1329;449;-152;193;188;0;2;1100;4186;0;110;387;478
2023-05-16 10:35:47;1182;452;-184;193;182;0;2;1100;4226;0;110;278;478
2023-05-16 10:36:17;1172;451;-191;193;180;0;2;1100;4189;0;110;224;478
2023-05-16 10:36:47;1170;466;-191;193;180;0;2;1100;4103;0;110;190;478
2023-05-16 10:37:17;1167;477;-180;193;188;0;2;1100;4191;0;110;148;478
2023-05-16 10:37:47;1121;445;-189;193;198;0;2;1100;4193;0;110;136;478
2023-05-16 10:38:17;1130;141;-27;193;194;0;2;1100;0;0;110;131;478
2023-05-16 10:38:48;1131;146;-27;193;194;0;2;1100;0;0;110;129;478
2023-05-16 10:39:18;1131;147;-26;193;194;0;2;1100;0;0;110;127;478
2023-05-16 10:39:48;1130;147;-27;193;193;0;2;1100;0;0;110;126;478
2023-05-16 10:40:18;1129;150;-27;193;194;0;2;1100;0;0;110;125;478
2023-05-16 10:40:48;1130;150;-27;193;194;0;2;1100;0;0;110;123;478
2023-05-16 10:41:18;1130;150;-29;193;194;0;2;1100;0;0;110;123;478
2023-05-16 10:41:48;1128;151;-27;193;193;0;2;1100;0;0;110;123;478
2023-05-16 10:42:18;1129;354;-154;193;191;0;2;1100;3301;0;110;121;478
2023-05-16 10:42:48;1189;362;-220;193;187;0;2;1100;3230;0;110;125;478
2023-05-16 10:43:18;1122;373;-237;193;186;0;2;1100;3485;0;110;127;478
2023-05-16 10:43:48;1106;139;-40;194;186;0;2;1100;0;0;110;430;478
2023-05-16 10:44:18;1104;131;-27;194;186;0;2;1100;0;0;110;558;478
2023-05-16 10:44:48;1101;238;-231;194;185;0;2;1100;1457;0;110;1402;478
2023-05-16 10:45:18;1774;284;-291;193;184;0;2;1100;1804;0;110;1076;478
2023-05-16 10:45:48;1817;224;-351;194;184;0;2;1100;887;0;110;885;478
2023-05-16 10:46:19;1637;210;-370;193;184;0;2;1100;931;0;110;1061;478
2023-05-16 10:46:49;1655;221;-379;194;184;0;2;1100;901;0;110;730;478
2023-05-16 10:47:19;1655;142;-200;194;184;0;2;1100;0;0;110;805;478
2023-05-16 10:47:49;1642;136;-25;194;184;0;2;1100;0;0;110;3100;478
2023-05-16 10:48:19;1636;139;-27;194;184;0;2;1100;0;0;110;3139;478
2023-05-16 10:48:49;1620;142;-26;194;184;0;2;1100;0;0;110;3137;478
2023-05-16 10:49:19;1636;300;-228;194;185;0;2;1100;2391;0;110;2581;478
2023-05-16 10:49:49;1814;539;-185;194;184;0;2;1100;1804;0;110;2002;478
2023-05-16 10:50:19;2407;908;-36;194;186;0;2;1100;0;0;110;1007;478
2023-05-16 10:50:49;3120;1564;-18;194;190;0;2;1100;0;0;110;597;478
2023-05-16 10:51:19;4210;2006;-9;194;192;0;2;1100;0;0;110;532;478
2023-05-16 10:51:49;4508;1992;-7;194;189;0;2;1100;140;0;110;514;478
2023-05-16 10:52:19;3492;-25;-25;194;183;0;2;1100;0;0;110;341;478
2023-05-16 10:52:49;1331;-21;-24;194;184;0;2;1100;0;0;110;271;478
2023-05-16 10:53:19;1332;-20;-24;194;185;0;2;1100;0;0;110;246;478
2023-05-16 10:53:49;1328;-21;-25;195;185;0;2;1100;0;0;110;242;478
2023-05-16 10:54:19;1321;-22;-26;194;186;0;2;1100;0;0;110;243;478
2023-05-16 10:54:49;1318;-22;-25;194;187;0;2;1100;0;0;110;243;478
2023-05-16 10:55:19;1316;-24;-25;194;188;0;2;1100;0;0;110;242;479
2023-05-16 10:55:50;1337;-4;-372;195;187;0;2;1100;2314;0;110;690;478
2023-05-16 10:56:20;1329;48;-424;194;184;0;2;1100;2424;0;110;1476;478
2023-05-16 10:56:50;1311;92;-367;194;184;0;2;1100;2435;0;110;2126;478
2023-05-16 10:57:20;1512;227;-320;195;183;0;2;1100;2373;0;110;2603;478
2023-05-16 10:57:50;1224;261;-330;194;176;0;2;1100;2336;0;110;2730;478
2023-05-16 10:58:20;1762;210;-25;195;175;0;2;1100;0;0;110;2676;478
2023-05-16 10:58:50;1715;202;-24;194;175;0;2;1100;0;0;110;2243;478
2023-05-16 10:59:20;1695;197;-18;195;176;0;2;1100;0;0;110;2185;478
2023-05-16 10:59:50;1689;194;-15;195;176;0;2;1100;0;0;110;2190;478
2023-05-16 11:00:20;1689;190;-16;194;178;0;2;1100;0;0;110;2194;478
2023-05-16 11:00:50;1689;190;-15;195;179;0;2;1100;0;0;110;2195;478
2023-05-16 11:01:20;1689;188;-14;195;180;0;2;1100;0;0;110;2193;478
2023-05-16 11:01:50;1689;188;-14;195;181;0;2;1100;0;0;110;2193;478
2023-05-16 11:02:20;1689;188;-15;195;182;0;2;1100;0;0;110;2193;478
2023-05-16 11:02:50;1689;186;-15;195;183;0;2;1100;0;0;110;2194;478
2023-05-16 11:03:20;1689;186;-15;195;183;0;2;1100;0;0;110;2197;478
2023-05-16 11:03:50;1689;185;-15;195;184;0;2;1100;0;0;110;2198;478
2023-05-16 11:04:20;1689;186;-14;195;185;0;2;1100;0;0;110;2201;478
2023-05-16 11:04:50;1689;186;-15;195;186;0;2;1100;0;0;110;2204;478
2023-05-16 11:05:20;1689;185;-15;195;186;0;2;1100;0;0;110;2204;478
2023-05-16 11:05:50;1689;184;-15;195;187;0;2;1100;0;0;110;2204;478
2023-05-16 11:06:20;1689;185;-15;196;188;0;2;1100;0;0;110;2205;478
2023-05-16 11:06:50;1689;185;-16;196;188;0;2;1100;0;0;110;2204;478
2023-05-16 11:07:20;1689;186;-15;196;189;0;2;1100;0;0;110;2205;478
2023-05-16 11:07:50;1689;186;-15;195;189;0;2;1100;0;0;110;2204;478
2023-05-16 11:08:20;1689;185;-15;195;190;0;2;1100;0;0;110;2202;478
2023-05-16 11:08:50;1689;185;-15;196;190;0;2;1100;0;0;110;2197;478
2023-05-16 11:09:20;1689;186;-15;196;191;0;2;1100;0;0;110;2200;478
2023-05-16 11:09:50;1689;185;-15;196;191;0;2;1100;0;0;110;2198;478
2023-05-16 11:10:20;1689;186;-14;195;192;0;2;1100;0;0;110;2196;478
2023-05-16 11:10:50;1689;185;-15;196;192;0;2;1100;0;0;110;2201;478
2023-05-16 11:11:20;1689;185;-15;196;193;0;2;1100;0;0;110;2200;478
2023-05-16 11:11:50;1689;185;-15;196;193;0;2;1100;0;0;110;2201;478
2023-05-16 11:12:21;1689;185;-15;196;193;0;2;1100;0;0;110;2198;478
2023-05-16 11:12:51;1689;185;-14;196;194;0;2;1100;0;0;110;2203;478
2023-05-16 11:13:21;1689;186;-15;196;194;0;2;1100;0;0;110;2200;478
2023-05-16 11:13:51;1689;188;-15;196;194;0;2;1100;0;0;110;2200;478
2023-05-16 11:14:21;1689;186;-15;196;195;0;2;1100;0;0;110;2201;478
2023-05-16 11:14:51;1689;188;-15;197;195;0;2;1100;0;0;110;2201;478
2023-05-16 11:15:21;1689;186;-16;196;196;0;2;1100;0;0;110;2198;478
2023-05-16 11:15:51;1689;186;-14;196;196;0;2;1100;0;0;110;2198;478
2023-05-16 11:16:21;1689;188;-13;196;196;0;2;1100;0;0;110;2198;478
2023-05-16 11:16:51;1689;188;-15;196;197;0;2;1100;0;0;110;2200;478
2023-05-16 11:17:21;1689;188;-15;197;197;0;2;1100;0;0;110;2198;478
2023-05-16 11:17:51;1689;188;-15;197;197;0;2;1100;0;0;110;2195;478
2023-05-16 11:18:21;1689;189;-15;196;197;0;2;1100;0;0;110;2195;478
2023-05-16 11:18:51;1689;189;-15;197;198;0;2;1100;0;0;110;2195;478
2023-05-16 11:19:21;1689;186;-15;196;198;0;2;1100;0;0;110;2194;478
2023-05-16 11:19:51;1689;189;-15;197;198;0;2;1100;0;0;110;2195;478
2023-05-16 11:20:21;1689;188;-14;196;198;0;2;1100;0;0;110;2194;478
2023-05-16 11:20:51;1689;189;-15;196;199;0;2;1100;0;0;110;2194;478
2023-05-16 11:21:21;1689;188;-15;196;199;0;2;1100;0;0;110;2194;478
2023-05-16 11:21:51;1689;189;-14;196;199;0;2;1100;0;0;110;2192;478
2023-05-16 11:22:21;1689;190;-14;197;200;0;2;1100;0;0;110;2192;478
2023-05-16 11:22:51;1689;188;-15;197;200;0;2;1100;0;0;110;2192;478
2023-05-16 11:23:22;1689;189;-16;197;200;0;2;1100;0;0;110;2191;478
2023-05-16 11:23:52;1689;189;-15;197;200;0;2;1100;0;0;110;2192;478
2023-05-16 11:24:22;1689;189;-15;197;201;0;2;1100;0;0;110;2191;478
2023-05-16 11:24:52;1689;190;-15;197;201;0;2;1100;0;0;110;2191;478
2023-05-16 11:25:22;1689;188;-15;197;201;0;2;1100;0;0;110;2192;478
2023-05-16 11:25:52;1689;188;-15;197;201;0;2;1100;0;0;110;2190;478
2023-05-16 11:26:22;1689;190;-15;197;201;0;2;1100;0;0;110;2192;478
2023-05-16 11:26:52;1689;190;-15;198;201;0;2;1100;0;0;110;2191;478
2023-05-16 11:27:22;1689;190;-16;197;202;0;2;1100;0;0;110;2191;478
2023-05-16 11:27:52;1689;190;-15;197;202;0;2;1100;0;0;110;2190;478
2023-05-16 11:28:22;1689;191;-15;197;202;0;2;1100;0;0;110;2190;478
2023-05-16 11:28:53;1689;190;-15;198;202;0;2;1100;0;0;110;2190;478
2023-05-16 11:29:23;1689;191;-14;197;203;0;2;1100;0;0;110;2191;478
2023-05-16 11:29:53;1689;190;-15;197;203;0;2;1100;0;0;110;2191;478
2023-05-16 11:30:23;1689;192;-15;197;203;0;2;1100;0;0;110;2191;478
2023-05-16 11:30:53;1689;191;-15;197;203;0;2;1100;0;0;110;2190;478
2023-05-16 11:31:23;1689;191;-15;197;203;0;2;1100;0;0;110;2191;478
2023-05-16 11:31:53;1689;191;-15;198;204;0;2;1100;0;0;110;2191;478
2023-05-16 11:32:23;1689;192;-15;197;204;0;2;1100;0;0;110;2190;478
2023-05-16 11:32:53;1689;191;-14;197;204;0;2;1100;0;0;110;2193;478
2023-05-16 11:33:23;1689;190;-15;197;204;0;2;1100;0;0;110;2191;478
2023-05-16 11:33:53;1689;191;-15;198;205;0;2;1100;0;0;110;2191;478
2023-05-16 11:34:23;1689;192;-15;198;205;0;2;1100;0;0;110;2190;478
2023-05-16 11:34:53;1689;191;-16;198;205;0;2;1100;0;0;110;2191;478
2023-05-16 11:35:23;1689;192;-14;198;205;0;2;1100;0;0;110;2191;478
2023-05-16 11:35:53;1689;191;-14;198;205;0;2;1100;0;0;110;2190;478
2023-05-16 11:36:23;1689;191;-15;198;206;0;2;1100;0;0;110;2190;478
2023-05-16 11:36:53;1689;192;-15;198;206;0;2;1100;0;0;110;2189;478
2023-05-16 11:37:23;1689;192;-15;198;206;0;2;1100;0;0;110;2190;478
2023-05-16 11:37:53;1689;192;-15;199;206;0;2;1100;0;0;110;2187;478
2023-05-16 11:38:23;1689;191;-15;198;206;0;2;1100;0;0;110;2189;478
2023-05-16 11:38:53;1689;192;-16;198;206;0;2;1100;0;0;110;2189;478
2023-05-16 11:39:23;1689;192;-15;198;206;0;2;1100;0;0;110;2187;478
2023-05-16 11:39:53;1689;192;-15;198;207;0;2;1100;0;0;110;2189;478
2023-05-16 11:40:23;1689;194;-16;198;207;0;2;1100;0;0;110;2187;478
2023-05-16 11:40:53;1689;194;-14;198;207;0;2;1100;0;0;110;2190;478
2023-05-16 11:41:23;1689;192;-15;199;207;0;2;1100;0;0;110;2191;478
2023-05-16 11:41:53;1689;194;-15;199;207;0;2;1100;0;0;110;2191;478
2023-05-16 11:42:23;1689;194;-14;198;208;0;2;1100;0;0;110;2191;478
2023-05-16 11:42:53;1689;194;-14;199;208;0;2;1100;0;0;110;2190;478
2023-05-16 11:43:23;1689;195;-15;199;208;0;2;1100;0;0;110;2191;478
2023-05-16 11:43:53;1689;194;-14;198;208;0;2;1100;0;0;110;2191;478
2023-05-16 11:44:23;1689;194;-15;199;208;0;2;1100;0;0;110;2191;478
2023-05-16 11:44:53;1689;195;-15;199;208;0;2;1100;0;0;110;2190;478
2023-05-16 11:45:23;1689;192;-15;198;208;0;2;1100;0;0;110;2191;478
2023-05-16 11:45:54;1689;192;-15;199;208;0;2;1100;0;0;110;2192;478
2023-05-16 11:46:24;1689;195;-15;199;209;0;2;1100;0;0;110;2191;478
2023-05-16 11:46:54;1689;194;-15;199;208;0;2;1100;0;0;110;2191;478
2023-05-16 11:47:24;1689;195;-15;199;209;0;2;1100;0;0;110;2190;478
2023-05-16 11:47:54;1689;195;-15;199;209;0;2;1100;0;0;110;2191;478
2023-05-16 11:48:24;1689;195;-14;199;209;0;2;1100;0;0;110;2193;478
2023-05-16 11:48:54;1689;195;-15;199;209;0;2;1100;0;0;110;2192;478
2023-05-16 11:49:24;1689;194;-15;199;210;0;2;1100;0;0;110;2191;478
2023-05-16 11:49:54;1689;195;-15;199;210;0;2;1100;0;0;110;2192;478
2023-05-16 11:50:24;1689;195;-15;199;209;0;2;1100;0;0;110;2191;478
2023-05-16 11:50:54;1689;195;-16;199;210;0;2;1100;0;0;110;2191;478
2023-05-16 11:51:24;1689;195;-15;199;210;0;2;1100;0;0;110;2191;478
2023-05-16 11:51:54;1689;194;-15;199;210;0;2;1100;0;0;110;2191;478
2023-05-16 11:52:24;1689;195;-16;199;210;0;2;1100;0;0;110;2191;478
2023-05-16 11:52:54;1689;195;-15;200;210;0;2;1100;0;0;110;2189;478
2023-05-16 11:53:24;1689;196;-15;200;210;0;2;1100;0;0;110;2189;478
2023-05-16 11:53:54;1689;195;-15;200;210;0;2;1100;0;0;110;2189;478
2023-05-16 11:54:24;1689;551;-302;199;178;0;2;1100;3446;0;110;4126;472
2023-05-16 11:54:54;1689;409;-292;200;182;0;2;1100;4608;0;110;3847;472
2023-05-16 11:55:24;1197;334;-309;199;183;0;2;1100;815;0;110;3842;473
2023-05-16 11:55:54;1407;279;-140;199;180;0;2;1100;2865;0;110;3469;474
2023-05-16 11:56:24;1605;207;-297;200;172;0;2;1100;470;0;110;2962;474
2023-05-16 11:56:54;1493;61;-26;200;173;0;2;1100;0;0;110;3081;474
2023-05-16 11:57:24;1461;19;-24;200;173;0;2;1100;0;0;110;3118;474
2023-05-16 11:57:54;1372;4;-20;199;173;0;2;1100;0;0;110;3048;475
2023-05-16 11:58:24;1357;3;-21;200;174;0;2;1100;0;0;110;3018;474
2023-05-16 11:58:54;1349;-9;-20;200;175;0;2;1100;0;0;110;3001;475
2023-05-16 11:59:24;2148;565;-290;199;172;0;2;1100;3017;0;110;5125;474
2023-05-16 11:59:54;1409;200;-25;200;174;0;2;1100;0;0;110;3079;474
2023-05-16 12:00:24;1711;202;-24;199;175;0;2;1100;0;0;110;3687;475
2023-05-16 12:00:55;1661;111;-118;200;174;0;2;1100;160;0;110;3080;474
2023-05-16 12:01:25;1522;18;-25;200;175;0;2;1100;0;0;110;3146;475
2023-05-16 12:01:55;1850;212;-37;200;175;0;2;1100;0;0;110;3152;475
2023-05-16 12:02:26;1716;402;-190;200;175;0;2;1100;3854;0;110;3259;475
2023-05-16 12:02:56;1346;352;-197;200;176;0;2;1100;63;0;110;2763;475
2023-05-16 12:03:26;1350;504;-263;200;184;0;2;1100;3536;0;110;4056;475
2023-05-16 12:03:56;980;641;-273;201;201;0;2;1100;4628;0;110;3687;475
2023-05-16 12:04:26;817;539;-330;200;180;0;2;1100;4210;0;110;1959;474
2023-05-16 12:04:56;959;532;-339;200;173;0;2;1100;4650;0;110;603;474
2023-05-16 12:05:26;1001;509;-341;200;174;0;2;1100;4268;0;110;283;474
2023-05-16 12:05:56;1002;511;-342;201;172;0;2;1100;4663;0;110;184;474
2023-05-16 12:06:26;1025;494;-340;200;169;0;2;1100;4659;0;110;151;474
2023-05-16 12:06:56;1024;413;-337;201;167;0;2;1100;4250;0;110;134;474
2023-05-16 12:07:26;1030;456;-330;201;167;0;2;1100;4663;0;110;127;474
2023-05-16 12:07:56;1051;387;-325;201;167;0;2;1100;4265;0;110;121;474
2023-05-16 12:08:26;1045;181;-53;201;167;0;2;1100;0;0;110;119;474
2023-05-16 12:08:56;1045;184;-27;201;167;0;2;1100;0;0;110;119;474
2023-05-16 12:09:26;1299;161;-174;201;167;0;2;1100;131;0;110;203;474
2023-05-16 12:09:56;1192;135;-26;201;167;0;2;1100;0;0;110;210;474
2023-05-16 12:10:26;1190;133;-29;201;167;0;2;1100;0;0;110;214;474
2023-05-16 12:10:56;1189;133;-30;201;167;0;2;1100;0;0;110;214;474
2023-05-16 12:11:26;1189;134;-29;201;167;0;2;1100;0;0;110;214;474
2023-05-16 12:11:56;1188;133;-29;202;167;0;2;1100;0;0;110;214;474
2023-05-16 12:12:26;1187;133;-27;202;168;0;2;1100;0;0;110;214;474
2023-05-16 12:12:56;1186;131;-27;202;167;0;2;1100;0;0;110;214;474
2023-05-16 12:13:26;1186;133;-29;201;168;0;2;1100;0;0;110;214;474
2023-05-16 12:13:56;1185;134;-27;201;168;0;2;1100;0;0;110;214;474
2023-05-16 12:14:26;1185;133;-27;202;168;0;2;1100;0;0;110;214;474
2023-05-16 12:14:56;1183;134;-27;202;168;0;2;1100;0;0;110;215;474
2023-05-16 12:15:26;1184;133;-27;202;168;0;2;1100;0;0;110;214;474
2023-05-16 12:15:56;1184;134;-26;202;169;0;2;1100;0;0;110;214;474
2023-05-16 12:16:26;1185;131;-26;202;169;0;2;1100;0;0;110;215;474
2023-05-16 12:16:56;1186;133;-27;201;169;0;2;1100;0;0;110;216;474
2023-05-16 12:17:26;1186;133;-26;202;169;0;2;1100;0;0;110;217;474
2023-05-16 12:17:56;1186;135;-26;202;170;0;2;1100;0;0;110;217;474
2023-05-16 12:18:26;1185;139;-25;202;170;0;2;1100;0;0;110;218;474
2023-05-16 12:18:57;1185;134;-25;202;170;0;2;1100;0;0;110;218;474
2023-05-16 12:19:27;1184;136;-25;202;171;0;2;1100;0;0;110;218;474
2023-05-16 12:19:57;1184;137;-26;202;171;0;2;1100;0;0;110;218;474
2023-05-16 12:20:27;1185;136;-25;202;171;0;2;1100;0;0;110;219;474
2023-05-16 12:20:57;1184;136;-25;202;171;0;2;1100;0;0;110;219;474
2023-05-16 12:21:27;1183;135;-25;202;171;0;2;1100;0;0;110;219;474
2023-05-16 12:21:57;1182;136;-24;202;171;0;2;1100;0;0;110;218;474
2023-05-16 12:22:27;1183;135;-25;202;172;0;2;1100;0;0;110;219;474
2023-05-16 12:22:57;1181;136;-26;203;171;0;2;1100;0;0;110;219;474
2023-05-16 12:23:27;1180;136;-25;202;171;0;2;1100;0;0;110;219;474
2023-05-16 12:23:57;1182;136;-25;202;172;0;2;1100;0;0;110;219;474
2023-05-16 12:24:27;1181;136;-24;203;171;0;2;1100;0;0;110;219;474
2023-05-16 12:24:57;1181;134;-24;203;172;0;2;1100;0;0;110;218;474
2023-05-16 12:25:27;1180;137;-25;202;172;0;2;1100;0;0;110;218;474
2023-05-16 12:25:57;1180;137;-24;203;172;0;2;1100;0;0;110;219;474
2023-05-16 12:26:27;1179;139;-24;203;172;0;2;1100;0;0;110;219;474
2023-05-16 12:26:57;1180;136;-25;203;173;0;2;1100;0;0;110;219;474
2023-05-16 12:27:27;1179;136;-25;203;173;0;2;1100;0;0;110;219;474
2023-05-16 12:27:57;1179;137;-22;203;173;0;2;1100;0;0;110;219;474
2023-05-16 12:28:27;1177;136;-25;203;173;0;2;1100;0;0;110;219;474
2023-05-16 12:28:57;1178;136;-25;203;173;0;2;1100;0;0;110;219;474
2023-05-16 12:29:27;1178;139;-24;203;173;0;2;1100;0;0;110;220;474
2023-05-16 12:29:57;1177;136;-25;203;173;0;2;1100;0;0;110;219;474
2023-05-16 12:30:27;1177;-51;-25;203;176;0;2;1100;0;0;110;220;474
2023-05-16 12:30:57;1176;-46;-24;203;176;0;2;1100;0;0;110;220;474
2023-05-16 12:31:27;1176;409;-218;203;169;0;2;1100;4650;0;110;223;474
2023-05-16 12:31:57;1037;373;-224;203;173;0;2;1100;4268;0;110;1010;473
2023-05-16 12:32:27;943;401;-246;204;175;0;2;1100;4676;0;110;2012;474
2023-05-16 12:32:57;981;393;-317;203;170;0;2;1100;4672;0;110;923;474
2023-05-16 12:33:27;1013;377;-328;204;171;0;2;1100;4672;0;110;353;474
2023-05-16 12:33:57;1023;327;-328;203;171;0;2;1100;4259;0;110;192;474
2023-05-16 12:34:27;1009;-52;-32;203;174;0;2;1100;0;0;110;150;474
2023-05-16 12:34:57;1008;-57;-29;203;175;0;2;1100;0;0;110;146;474
2023-05-16 12:35:27;1009;-55;-27;204;175;0;2;1100;0;0;110;143;473
2023-05-16 12:35:58;1009;-57;-30;203;175;0;2;1100;0;0;110;141;473
2023-05-16 12:36:28;1008;-55;-30;203;175;0;2;1100;0;0;110;139;474
2023-05-16 12:36:58;1009;-54;-30;204;175;0;2;1100;0;0;110;138;474
2023-05-16 12:37:28;1008;-53;-29;204;175;0;2;1100;0;0;110;136;473
2023-05-16 12:37:58;1007;-54;-27;204;175;0;2;1100;0;0;110;136;473
2023-05-16 12:38:29;1008;-53;-27;204;175;0;2;1100;0;0;110;136;474
2023-05-16 12:38:59;1007;-53;-27;204;175;0;2;1100;0;0;110;136;473
2023-05-16 12:39:29;1008;81;-43;203;176;0;2;1100;2263;0;110;136;473
2023-05-16 12:39:59;1150;-63;-59;204;189;0;2;1100;0;0;110;450;473
2023-05-16 12:40:29;1127;-70;-27;204;190;0;2;1100;0;0;110;394;473
2023-05-16 12:40:59;1286;377;-189;204;190;0;2;1100;4681;0;110;338;473
2023-05-16 12:41:29;1159;369;-246;204;176;0;2;1100;4687;0;110;257;473
2023-05-16 12:41:59;1128;374;-256;204;171;0;2;1100;4681;0;110;189;473
2023-05-16 12:42:29;1127;357;-258;204;170;0;2;1100;4380;0;110;146;474
2023-05-16 12:42:59;1125;-51;-57;204;170;0;2;1100;0;0;110;132;473
2023-05-16 12:43:29;1125;-57;-27;205;170;0;2;1100;0;0;110;129;473
2023-05-16 12:43:59;1125;-57;-27;204;170;0;2;1100;0;0;110;128;473
2023-05-16 12:44:29;1125;-75;-29;204;170;0;2;1100;0;0;110;127;473
2023-05-16 12:44:59;1185;40;-225;205;171;0;2;1100;1294;0;110;164;473
2023-05-16 12:45:29;1226;-46;-25;204;171;0;2;1100;0;0;110;182;473
2023-05-16 12:45:59;1223;-48;-29;204;171;0;2;1100;0;0;110;182;473
2023-05-16 12:46:29;1221;-48;-27;204;171;0;2;1100;0;0;110;179;474
2023-05-16 12:46:59;1219;-47;-27;205;171;0;2;1100;0;0;110;178;474
2023-05-16 12:47:29;1219;-46;-27;205;171;0;2;1100;0;0;110;175;473
2023-05-16 12:47:59;1218;-46;-29;205;171;0;2;1100;0;0;110;175;474
2023-05-16 12:48:29;1219;-46;-27;205;171;0;2;1100;0;0;110;175;474
2023-05-16 12:48:59;1218;-44;-29;205;171;0;2;1100;0;0;110;175;473
2023-05-16 12:49:29;1217;-43;-29;205;171;0;2;1100;0;0;110;174;474
2023-05-16 12:49:59;1217;-44;-29;205;171;0;2;1100;0;0;110;173;473
2023-05-16 12:50:29;1217;-43;-27;205;171;0;2;1100;0;0;110;173;473
2023-05-16 12:50:59;1216;-43;-26;205;172;0;2;1100;0;0;110;173;473
2023-05-16 12:51:29;1216;-43;-27;205;172;0;2;1100;0;0;110;173;473
2023-05-16 12:51:59;1215;-43;-26;205;172;0;2;1100;0;0;110;171;473
2023-05-16 12:52:30;1215;-43;-27;205;172;0;2;1100;0;0;110;172;473
2023-05-16 12:53:00;1215;-42;-27;205;173;0;2;1100;0;0;110;171;473
2023-05-16 12:53:30;1214;-43;-27;205;173;0;2;1100;0;0;110;171;473
2023-05-16 12:54:00;1214;-42;-26;205;173;0;2;1100;0;0;110;173;473
2023-05-16 12:54:30;1213;-41;-26;205;173;0;2;1100;0;0;110;173;473
2023-05-16 12:55:00;1213;213;-120;205;175;0;2;1100;3448;0;110;171;473
2023-05-16 12:55:30;1142;369;-190;205;177;0;2;1100;4685;0;110;826;473
2023-05-16 12:56:00;942;321;-192;205;176;0;2;1100;4274;0;110;1610;473
2023-05-16 12:56:30;954;-2;-296;205;171;0;2;1100;1224;0;110;1316;474
2023-05-16 12:57:00;1018;-58;-27;205;171;0;2;1100;0;0;110;876;473
2023-05-16 12:57:30;1019;-59;-29;206;170;0;2;1100;0;0;110;752;473
2023-05-16 12:58:00;1019;-58;-30;205;170;0;2;1100;0;0;110;729;473
2023-05-16 12:58:30;1018;-58;-27;205;170;0;2;1100;0;0;110;720;473
2023-05-16 12:59:00;1017;-76;-27;206;170;0;2;1100;0;0;110;716;473
2023-05-16 12:59:30;1021;360;-280;205;171;0;2;1100;4687;0;110;670;473
2023-05-16 13:00:00;1051;355;-309;206;172;0;2;1100;4694;0;110;312;473
2023-05-16 13:00:30;1043;308;-307;205;175;0;2;1100;4270;0;110;168;473
2023-05-16 13:01:00;1023;-70;-131;205;181;0;2;1100;0;0;110;138;473
2023-05-16 13:01:30;1063;-43;-291;206;178;0;2;1100;573;0;110;137;473
2023-05-16 13:02:00;1134;-60;-26;206;176;0;2;1100;0;0;110;148;473
2023-05-16 13:02:30;1132;-60;-27;206;176;0;2;1100;0;0;110;153;473
2023-05-16 13:03:00;1131;-60;-27;206;176;0;2;1100;0;0;110;156;473
2023-05-16 13:03:30;1129;-60;-29;206;176;0;2;1100;0;0;110;157;473
2023-05-16 13:04:00;1129;300;-225;206;175;0;2;1100;4272;0;110;157;473
2023-05-16 13:04:30;1110;347;-296;206;172;0;2;1100;4683;0;110;227;473
2023-05-16 13:05:00;1067;316;-297;207;172;0;2;1100;4373;0;110;162;473
2023-05-16 13:05:30;1064;-55;-108;206;172;0;2;1100;0;0;110;131;473
2023-05-16 13:06:00;1065;-54;-29;207;172;0;2;1100;0;0;110;120;473
2023-05-16 13:06:30;1065;-49;-30;206;172;0;2;1100;0;0;110;123;473
2023-05-16 13:07:00;1064;-48;-30;207;172;0;2;1100;0;0;110;121;473
2023-05-16 13:07:30;1065;-46;-30;206;172;0;2;1100;0;0;110;120;473
2023-05-16 13:08:00;1063;-44;-30;207;172;0;2;1100;0;0;110;121;473
2023-05-16 13:08:30;1063;-43;-30;207;172;0;2;1100;0;0;110;120;473
2023-05-16 13:09:01;1064;-42;-29;207;173;0;2;1100;0;0;110;120;473
2023-05-16 13:09:31;1064;-43;-30;207;172;0;2;1100;0;0;110;121;473
2023-05-16 13:10:01;1063;-41;-29;206;172;0;2;1100;0;0;110;121;473
2023-05-16 13:10:31;1063;-41;-30;207;173;0;2;1100;0;0;110;120;473
2023-05-16 13:11:01;1063;-41;-27;207;173;0;2;1100;0;0;110;120;473
2023-05-16 13:11:31;1063;-41;-30;207;173;0;2;1100;0;0;110;120;473
2023-05-16 13:12:01;1062;-41;-27;207;173;0;2;1100;0;0;110;120;473
2023-05-16 13:12:31;1062;-40;-27;207;173;0;2;1100;0;0;110;120;473
2023-05-16 13:13:01;1062;-40;-27;207;174;0;2;1100;0;0;110;120;473
2023-05-16 13:13:31;1062;-40;-29;206;174;0;2;1100;0;0;110;120;473
2023-05-16 13:14:01;1061;-40;-26;207;174;0;2;1100;0;0;110;120;473
2023-05-16 13:14:31;1061;-38;-26;207;174;0;2;1100;0;0;110;121;473
2023-05-16 13:15:01;1060;-38;-25;207;175;0;2;1100;0;0;110;120;473
2023-05-16 13:15:31;1061;-37;-27;207;175;0;2;1100;0;0;110;120;473
2023-05-16 13:16:02;1061;-38;-26;207;175;0;2;1100;0;0;110;120;473
2023-05-16 13:16:32;1061;-37;-26;207;175;0;2;1100;0;0;110;119;473
2023-05-16 13:17:02;1060;-37;-26;207;176;0;2;1100;0;0;110;120;473
2023-05-16 13:17:32;1061;-36;-24;207;175;0;2;1100;0;0;110;120;473
2023-05-16 13:18:02;1060;-37;-25;208;176;0;2;1100;0;0;110;123;473
2023-05-16 13:18:32;1060;-36;-25;207;176;0;2;1100;0;0;110;123;473
2023-05-16 13:19:02;1060;-36;-25;207;176;0;2;1100;0;0;110;121;473
2023-05-16 13:19:32;-200;-35;-25;208;176;0;2;1100;0;0;110;120;473
2023-05-16 13:20:02;1058;-35;-26;207;176;0;2;1100;0;0;110;121;473
2023-05-16 13:20:32;1058;-36;-25;207;177;0;2;1100;0;0;110;120;473
2023-05-16 13:21:02;1060;-36;-22;208;177;0;2;1100;0;0;110;119;473
2023-05-16 13:21:32;1058;-36;-24;207;177;0;2;1100;0;0;110;120;473
2023-05-16 13:22:02;1059;-33;-25;207;177;0;2;1100;0;0;110;120;473
2023-05-16 13:22:32;1058;-33;-22;208;177;0;2;1100;0;0;110;119;473
2023-05-16 13:23:02;1058;-35;-25;207;177;0;2;1100;0;0;110;119;473
2023-05-16 13:23:32;1058;-35;-25;208;177;0;2;1100;0;0;110;121;473
2023-05-16 13:24:02;1057;-33;-22;207;178;0;2;1100;0;0;110;121;473
2023-05-16 13:24:32;1058;-32;-24;207;178;0;2;1100;0;0;110;121;473
2023-05-16 13:25:02;1058;-33;-22;208;178;0;2;1100;0;0;110;120;473
2023-05-16 13:25:32;1058;-33;-22;208;178;0;2;1100;0;0;110;120;473
2023-05-16 13:26:03;1057;-32;-22;207;178;0;2;1100;0;0;110;120;473
2023-05-16 13:26:33;1058;-33;-24;208;178;0;2;1100;0;0;110;120;473
2023-05-16 13:27:03;1056;-32;-24;208;178;0;2;1100;0;0;110;120;473
2023-05-16 13:27:33;1057;-31;-24;208;178;0;2;1100;0;0;110;120;473
2023-05-16 13:28:03;1056;-33;-24;208;179;0;2;1100;0;0;110;119;473
2023-05-16 13:28:33;1056;-32;-22;208;179;0;2;1100;0;0;110;119;473
2023-05-16 13:29:03;1056;-32;-24;208;179;0;2;1100;0;0;110;120;473
2023-05-16 13:29:33;1056;-32;-25;208;179;0;2;1100;0;0;110;119;473
2023-05-16 13:30:03;1056;-31;-22;208;179;0;2;1100;0;0;110;119;473
2023-05-16 13:30:33;1055;-31;-24;209;180;0;2;1100;0;0;110;119;473
2023-05-16 13:31:03;1056;-32;-24;208;180;0;2;1100;0;0;110;118;473
2023-05-16 13:31:33;1055;-31;-24;208;180;0;2;1100;0;0;110;120;473
2023-05-16 13:32:03;1054;-31;-22;208;180;0;2;1100;0;0;110;120;473
2023-05-16 13:32:33;1054;-31;-22;209;180;0;2;1100;0;0;110;119;473
2023-05-16 13:33:03;1056;-31;-24;209;180;0;2;1100;0;0;110;120;473
2023-05-16 13:33:33;1055;-31;-24;208;180;0;2;1100;0;0;110;120;473
2023-05-16 13:34:03;1055;-31;-22;209;180;0;2;1100;0;0;110;120;473
2023-05-16 13:34:33;1055;-30;-22;208;180;0;2;1100;0;0;110;120;473
2023-05-16 13:35:03;1055;-31;-22;208;181;0;2;1100;0;0;110;120;473
2023-05-16 13:35:33;1054;-29;-22;208;181;0;2;1100;0;0;110;120;473
2023-05-16 13:36:03;1054;-27;-22;209;181;0;2;1100;0;0;110;120;473
2023-05-16 13:36:33;1054;340;-58;208;175;0;2;1100;4685;0;110;267;473
2023-05-16 13:37:03;1324;351;-62;209;179;0;2;1100;4690;0;110;438;473
2023-05-16 13:37:33;1323;302;-84;209;180;0;2;1100;4257;0;110;284;473
2023-05-16 13:38:03;1329;148;-101;209;175;0;2;1100;1298;0;110;214;473
2023-05-16 13:38:33;1316;119;-27;209;175;0;2;1100;0;0;110;204;473
2023-05-16 13:39:03;1314;122;-29;209;175;0;2;1100;0;0;110;200;473
2023-05-16 13:39:33;1314;122;-30;209;175;0;2;1100;0;0;110;198;473
2023-05-16 13:40:03;1312;124;-27;208;175;0;2;1100;0;0;110;197;473
2023-05-16 13:40:33;1311;124;-30;209;175;0;2;1100;0;0;110;197;473
2023-05-16 13:41:03;1310;124;-30;209;175;0;2;1100;0;0;110;195;473
2023-05-16 13:41:33;1311;207;-60;209;179;0;2;1100;3270;0;110;196;472
2023-05-16 13:42:03;1359;59;-32;210;176;0;2;1100;2320;0;110;192;473
2023-05-16 13:42:34;1401;36;-33;209;176;0;2;1100;0;0;110;165;471
2023-05-16 13:43:04;1398;133;-184;209;177;0;2;1100;2483;0;110;150;471
2023-05-16 13:43:34;1194;305;-257;209;176;0;2;1100;4270;0;110;132;471
2023-05-16 13:44:04;1086;97;-152;209;192;0;2;1100;0;0;110;114;471
2023-05-16 13:44:34;1045;101;-29;209;193;0;2;1100;0;0;110;108;471
2023-05-16 13:45:04;1045;102;-30;209;193;0;2;1100;0;0;110;107;471
2023-05-16 13:45:34;1046;102;-30;209;193;0;2;1100;0;0;110;107;471
2023-05-16 13:46:04;1046;102;-30;209;193;0;2;1100;0;0;110;106;471
2023-05-16 13:46:34;1046;135;-208;209;194;0;2;1100;2613;0;110;160;471
2023-05-16 13:47:04;1116;114;-261;210;186;0;2;1100;2347;0;110;159;471
2023-05-16 13:47:34;1087;90;-272;209;179;0;2;1100;2096;0;110;131;471
2023-05-16 13:48:04;1089;94;-275;210;176;0;2;1100;2162;0;110;115;471
2023-05-16 13:48:34;1094;124;-274;210;175;0;2;1100;2549;0;110;101;471
2023-05-16 13:49:04;1103;84;-273;210;175;0;2;1100;2090;0;110;96;471
2023-05-16 13:49:34;1103;290;-263;210;175;0;2;1100;4285;0;110;93;471
2023-05-16 13:50:04;1113;339;-261;210;174;0;2;1100;4687;0;110;90;471
2023-05-16 13:50:34;1119;293;-261;210;173;0;2;1100;4279;0;110;91;471
2023-05-16 13:51:04;1115;336;-262;210;174;0;2;1100;4679;0;110;91;471
2023-05-16 13:51:34;1113;294;-263;210;173;0;2;1100;4257;0;110;94;471
2023-05-16 13:52:04;1114;340;-268;210;171;0;2;1100;4685;0;110;95;471
2023-05-16 13:52:34;1112;334;-268;210;171;0;2;1100;4674;0;110;97;471
2023-05-16 13:53:04;1113;334;-269;210;171;0;2;1100;4637;0;110;98;471
2023-05-16 13:53:35;1114;338;-268;211;171;0;2;1100;4681;0;110;97;471
2023-05-16 13:54:05;1115;282;-270;210;170;0;2;1100;4257;0;110;97;471
2023-05-16 13:54:35;1113;330;-273;211;170;0;2;1100;4679;0;110;98;471
2023-05-16 13:55:05;1113;286;-274;210;170;0;2;1100;4270;0;110;98;471
2023-05-16 13:55:35;1111;335;-274;211;170;0;2;1100;4674;0;110;97;471
2023-05-16 13:56:05;1109;-59;-53;211;170;0;2;1100;0;0;110;100;471
2023-05-16 13:56:35;1109;335;-248;211;170;0;2;1100;4683;0;110;153;471
2023-05-16 13:57:05;1126;-88;-107;211;170;0;2;1100;0;0;110;148;471
2023-05-16 13:57:35;1129;332;-256;211;171;0;2;1100;4685;0;110;146;470
2023-05-16 13:58:05;1117;288;-278;211;171;0;2;1100;4274;0;110;148;470
2023-05-16 13:58:35;1094;335;-281;211;170;0;2;1100;4670;0;110;145;471
2023-05-16 13:59:06;1092;338;-280;211;171;0;2;1100;4674;0;110;131;471
2023-05-16 13:59:36;1092;-69;-152;212;171;0;2;1100;0;0;110;118;471
2023-05-16 14:00:06;1090;25;-248;211;171;0;2;1100;1617;0;110;113;471
2023-05-16 14:00:36;1198;301;-220;212;171;0;2;1100;4571;0;110;126;471
2023-05-16 14:01:06;1138;275;-290;211;171;0;2;1100;4305;0;110;136;471
2023-05-16 14:01:36;1068;327;-298;212;171;0;2;1100;4681;0;110;136;471
2023-05-16 14:02:06;1068;279;-300;212;171;0;2;1100;4257;0;110;131;471
2023-05-16 14:02:36;1070;-55;-231;212;171;0;2;1100;101;0;110;124;471
2023-05-16 14:03:06;1070;225;-246;211;171;0;2;1100;3960;0;110;119;471
2023-05-16 14:03:36;1114;-52;-175;212;171;0;2;1100;0;0;110;163;471
2023-05-16 14:04:06;1080;278;-239;211;172;0;2;1100;4283;0;110;151;471
2023-05-16 14:04:36;1114;-74;-65;212;172;0;2;1100;0;0;110;242;471
2023-05-16 14:05:06;1106;-77;-29;212;172;0;2;1100;0;0;110;224;471
2023-05-16 14:05:36;1105;-103;-30;212;172;0;2;1100;0;0;110;220;471
2023-05-16 14:06:06;1105;-77;-30;212;172;0;2;1100;0;0;110;219;471
2023-05-16 14:06:36;1105;332;-250;212;173;0;2;1100;4681;0;110;296;471
2023-05-16 14:07:06;1081;332;-292;212;172;0;2;1100;4683;0;110;260;471
2023-05-16 14:07:36;1058;328;-297;212;172;0;2;1100;4701;0;110;165;471
2023-05-16 14:08:06;1065;329;-294;212;172;0;2;1100;4683;0;110;137;471
2023-05-16 14:08:36;1066;329;-292;212;172;0;2;1100;4683;0;110;125;471
2023-05-16 14:09:06;1069;-35;-305;212;173;0;2;1100;1160;0;110;114;471
2023-05-16 14:09:36;1070;-60;-26;212;173;0;2;1100;0;0;110;112;471
2023-05-16 14:10:06;1069;-59;-29;212;173;0;2;1100;0;0;110;108;471
2023-05-16 14:10:36;1068;-60;-29;212;173;0;2;1100;0;0;110;107;471
2023-05-16 14:11:06;1068;-59;-30;212;173;0;2;1100;0;0;110;107;471
2023-05-16 14:11:36;1068;-58;-30;213;173;0;2;1100;0;0;110;107;471
2023-05-16 14:12:06;1068;-58;-30;212;173;0;2;1100;0;0;110;107;471
2023-05-16 14:12:36;1066;54;-32;213;173;0;2;1100;1542;0;110;107;471
2023-05-16 14:13:06;1198;-46;-264;212;175;0;2;1100;312;0;110;312;471
2023-05-16 14:13:36;1116;295;-224;213;175;0;2;1100;4553;0;110;294;471
2023-05-16 14:14:06;1126;280;-273;213;174;0;2;1100;4285;0;110;190;471
2023-05-16 14:14:36;1089;323;-279;213;173;0;2;1100;4685;0;110;148;471
2023-05-16 14:15:06;1088;274;-279;213;173;0;2;1100;4270;0;110;127;471
2023-05-16 14:15:36;1092;-11;-286;213;173;0;2;1100;1252;0;110;119;470
2023-05-16 14:16:07;1092;291;-196;213;173;0;2;1100;4276;0;110;117;471
2023-05-16 14:16:37;1157;61;-274;213;176;0;2;1100;2347;0;110;153;471
2023-05-16 14:17:07;1091;148;-85;213;176;0;2;1100;2582;0;110;141;471
2023-05-16 14:17:37;1183;326;-273;213;174;0;2;1100;4685;0;110;189;471
2023-05-16 14:18:07;1083;277;-285;213;173;0;2;1100;4263;0;110;142;471
2023-05-16 14:18:37;1078;324;-287;213;172;0;2;1100;4676;0;110;127;470
2023-05-16 14:19:07;1078;-62;-157;213;173;0;2;1100;98;0;110;117;471
2023-05-16 14:19:37;1079;-60;-29;213;173;0;2;1100;0;0;110;117;471
2023-05-16 14:20:07;1079;271;-148;213;173;0;2;1100;4191;0;110;116;470
2023-05-16 14:20:37;1169;273;-268;213;173;0;2;1100;4290;0;110;248;470
2023-05-16 14:21:07;1099;207;-279;213;173;0;2;1100;3795;0;110;231;470
2023-05-16 14:21:37;1090;166;-104;213;173;0;2;1100;2883;0;110;303;471
2023-05-16 14:22:07;1246;-68;-224;214;172;0;2;1100;268;0;110;387;470
2023-05-16 14:22:37;1127;-55;-27;213;172;0;2;1100;0;0;110;436;470
2023-05-16 14:23:07;1115;-55;-30;213;173;0;2;1100;0;0;110;479;471
2023-05-16 14:23:37;1115;-54;-30;214;173;0;2;1100;0;0;110;505;470
2023-05-16 14:24:07;1115;-54;-30;213;173;0;2;1100;0;0;110;520;471
2023-05-16 14:24:37;1118;-53;-30;214;173;0;2;1100;0;0;110;532;470
2023-05-16 14:25:07;1115;-52;-31;214;174;0;2;1100;0;0;110;546;470
2023-05-16 14:25:37;1112;-52;-29;214;174;0;2;1100;0;0;110;558;471
2023-05-16 14:26:07;1114;-53;-29;214;175;0;2;1100;0;0;110;572;471
2023-05-16 14:26:37;1163;-66;-29;213;175;0;2;1100;98;0;110;595;471
2023-05-16 14:27:07;1110;326;-262;213;173;0;2;1100;4674;0;110;1603;471
2023-05-16 14:27:37;1225;322;-334;213;174;0;2;1100;4661;0;110;792;470
2023-05-16 14:28:07;1074;319;-342;213;173;0;2;1100;4668;0;110;291;471
2023-05-16 14:28:37;1007;295;-337;214;173;0;2;1100;4661;0;110;120;470
2023-05-16 14:29:07;1029;308;-333;214;173;0;2;1100;4602;0;110;93;470
2023-05-16 14:29:37;1022;-76;-84;214;173;0;2;1100;0;0;110;84;470
2023-05-16 14:30:07;1260;84;-311;214;175;0;2;1100;2705;0;110;206;470
2023-05-16 14:30:37;1048;241;-223;214;177;0;2;1100;3832;0;110;160;470
2023-05-16 14:31:08;1094;317;-319;214;175;0;2;1100;4663;0;110;1501;470
2023-05-16 14:31:38;1032;267;-331;215;172;0;2;1100;4252;0;110;195;470
2023-05-16 14:32:08;1028;316;-329;214;172;0;2;1100;4663;0;110;96;470
2023-05-16 14:32:39;1036;-73;-290;214;172;0;2;1100;156;0;110;82;471
2023-05-16 14:33:09;1034;251;-268;214;172;0;2;1100;3995;0;110;118;470
2023-05-16 14:33:39;1089;-64;-324;214;173;0;2;1100;391;0;110;130;471
2023-05-16 14:34:09;1057;244;-256;214;173;0;2;1100;4230;0;110;116;470
2023-05-16 14:34:39;1135;-64;-32;214;173;0;2;1100;0;0;110;141;470
2023-05-16 14:35:09;1130;-63;-27;214;173;0;2;1100;0;0;110;149;470
2023-05-16 14:35:39;1129;-63;-29;215;173;0;2;1100;0;0;110;149;470
2023-05-16 14:36:09;1130;97;-47;215;173;0;2;1100;1894;0;110;148;470
2023-05-16 14:36:39;1229;-84;-75;214;173;0;2;1100;0;0;110;327;471
2023-05-16 14:37:09;1163;273;-291;215;174;0;2;1100;4243;0;110;265;471
2023-05-16 14:37:39;1059;322;-312;215;173;0;2;1100;4668;0;110;200;470
2023-05-16 14:38:09;1048;272;-309;215;173;0;2;1100;4239;0;110;129;471
2023-05-16 14:38:39;1057;317;-305;214;173;0;2;1100;4665;0;110;94;471
2023-05-16 14:39:09;1064;267;-300;215;173;0;2;1100;4263;0;110;81;471
2023-05-16 14:39:39;1071;316;-294;214;175;0;2;1100;4654;0;110;73;471
2023-05-16 14:40:09;1076;282;-287;215;174;0;2;1100;4520;0;110;72;471
2023-05-16 14:40:39;1090;53;-289;215;173;0;2;1100;2224;0;110;72;471
2023-05-16 14:41:09;1093;247;-145;215;173;0;2;1100;3980;0;110;72;470
2023-05-16 14:41:39;1195;31;-273;215;173;0;2;1100;2138;0;110;107;470
2023-05-16 14:42:09;1117;-42;-27;215;173;0;2;1100;76;0;110;109;470
2023-05-16 14:42:39;1314;269;-265;215;173;0;2;1100;4243;0;110;119;470
2023-05-16 14:43:09;1106;313;-281;215;173;0;2;1100;4670;0;110;120;470
2023-05-16 14:43:39;1094;272;-280;215;172;0;2;1100;4248;0;110;108;470
2023-05-16 14:44:09;1098;316;-279;215;173;0;2;1100;4659;0;110;92;471
2023-05-16 14:44:39;1096;-86;-108;215;173;0;2;1100;0;0;110;82;470
2023-05-16 14:45:09;1237;273;-262;215;173;0;2;1100;4268;0;110;82;470
2023-05-16 14:45:39;-200;-44;-490;215;173;0;2;1100;0;0;41;87;696
2023-05-16 14:46:09;-200;-36;-722;215;174;0;2;1100;0;0;41;7440;337
2023-05-16 14:46:39;-200;-35;-770;215;175;0;2;1100;0;0;41;7671;335
2023-05-16 14:47:09;-200;-32;-783;215;176;0;2;1100;0;0;41;7660;336
2023-05-16 14:47:39;-200;-33;-790;215;178;0;2;1100;0;0;41;7668;336
2023-05-16 14:48:09;-200;-32;-797;215;179;0;2;1100;0;0;41;7671;336
2023-05-16 14:48:39;-200;-36;-798;215;180;0;2;1100;0;0;42;7673;336
2023-05-16 14:49:10;-200;-127;-808;214;180;0;2;1100;0;0;42;7078;336
2023-05-16 14:49:40;-200;-209;-816;187;180;0;2;1100;0;0;42;6409;336
2023-05-16 14:50:10;-200;-283;-825;179;181;0;2;1100;0;0;42;5756;336
2023-05-16 14:50:40;-200;-348;-833;177;182;0;2;1100;0;0;42;5193;336
2023-05-16 14:51:10;-200;-406;-839;175;183;0;2;1100;0;0;42;4663;336
2023-05-16 14:51:40;-200;627;-799;173;175;0;2;1100;9602;0;42;5230;334
2023-05-16 14:52:10;-200;-198;-865;173;176;0;2;1100;0;0;42;2092;609
2023-05-16 14:52:40;-200;-316;-878;172;176;0;2;1100;0;0;42;1961;610
2023-05-16 14:53:10;-200;-392;-880;171;177;0;2;1100;0;0;42;1929;610
2023-05-16 14:53:40;-200;-446;-881;170;177;0;2;1100;0;0;42;1891;610
2023-05-16 14:54:10;-200;-24;-859;171;173;0;2;1100;17;0;42;1259;692
2023-05-16 14:54:40;-200;-98;-880;170;172;0;2;1100;0;0;42;1320;707
2023-05-16 14:55:10;-200;-157;-880;170;172;0;2;1100;0;0;42;1325;707
2023-05-16 14:55:40;-200;-203;-881;170;172;0;2;1100;0;0;42;1329;707
2023-05-16 14:56:10;-200;-237;-882;169;172;0;2;1100;0;0;42;1338;707
2023-05-16 14:56:40;-200;703;-866;169;171;0;2;1100;0;0;43;1301;707
2023-05-16 14:57:10;-200;-58;-869;170;172;0;2;1100;0;0;43;5729;703
2023-05-16 14:57:40;-200;-38;-828;170;174;0;2;1100;0;0;43;7427;718
2023-05-16 14:58:10;-200;-35;-806;171;175;0;2;1100;0;0;43;7847;725
2023-05-16 14:58:40;-200;-33;-803;172;176;0;2;1100;0;0;43;8009;729
2023-05-16 14:59:10;-200;-33;-800;172;178;0;2;1100;0;0;43;8092;730
2023-05-16 14:59:40;-200;-33;-797;173;179;0;2;1100;0;0;43;8125;735
2023-05-16 15:00:10;-200;-107;-801;173;180;0;2;1100;0;0;44;7886;737
2023-05-16 15:00:40;-200;-197;-812;173;180;0;2;1100;0;0;44;7147;737
2023-05-16 15:01:10;-200;-276;-822;171;181;0;2;1100;0;0;44;6480;737
2023-05-16 15:01:40;-200;-348;-831;170;181;0;2;1100;0;0;44;5853;737
2023-05-16 15:02:10;-200;-410;-838;170;182;0;2;1100;0;0;44;5283;737
2023-05-16 15:02:40;-200;-467;-844;170;184;0;2;1100;0;0;44;4762;737
